{"DELTA_T_MEAN": 93.39354838709677, "DELTA_T_SD": 91.47134224232691, "DELTA_T_SIM_Z": -0.9444875987303434, "STEP_DAYS": 7, "T_STEPS": 52, "THETA": 1.5, "latent_centers": [[-0.471866250038147, 1.7322335243225098, 0.12091681361198425], [-0.04686565324664116, 0.9789554476737976, -0.11826550215482712], [1.46077561378479, 2.0995869636535645, 0.08274637162685394]]}